{
    "means": [
        14.140473067915712,
        19.33138173302108,
        92.07580796252927,
        654.6754098360658,
        0.09674056206088995,
        0.10550327868852474,
        0.08928824988290399,
        0.04924524121779857,
        0.1816081967213115,
        0.06294964871194383,
        0.4110641686182665,
        1.2212060889929743,
        2.8988519906323194,
        40.54919203747074,
        0.007054489461358313,
        0.02559574473067917,
        0.031766676112412184,
        0.01183059718969555,
        0.020738051522248238,
        0.003862260655737703,
        16.298292740046836,
        25.661124121779867,
        107.33210772833719,
        881.7971896955506,
        0.1327270023419203,
        0.2532071428571429,
        0.2692681639344263,
        0.1148670983606557,
        0.29032365339578453,
        0.08402313817330213
    ],
    "stds": [
        3.4783925425673314,
        4.344853771636378,
        23.956713999600854,
        344.3105861669255,
        0.01419447815132833,
        0.05409744262332269,
        0.07999979898916236,
        0.038868026362627275,
        0.02794240820640696,
        0.007270659822601238,
        0.27433507052055367,
        0.5760990404951315,
        2.0050593888462465,
        42.42220414003679,
        0.002954301661322862,
        0.017970502125551187,
        0.029462804318366113,
        0.006179427635954762,
        0.008591817221537342,
        0.0028454864994653167,
        4.80668139020081,
        6.18393364051621,
        33.22792936929812,
        557.7063195937615,
        0.022380538863478388,
        0.15379583039114197,
        0.20047344945588497,
        0.06567461402248238,
        0.06203523119083978,
        0.017956478206758903
    ]
}